driver_id,first_name,last_name,email,phone,gender,city,license_number,signup_date,driver_status,avg_rating
1,Kelly,Santos,driver1@example.com,9011308523,Male,Delhi,IW156733,2025-06-27,Active,3.92
2,Christopher,Freeman,driver2@example.com,9156823428,Male,Hyderabad,FC157646,2024-10-25,Active,3.92
3,Christopher,Lewis,driver3@example.com,9402246267,Male,Delhi,IM506809,2023-09-26,Active,4.65
4,Renee,Preston,driver4@example.com,9132025342,Male,Pune,BU831934,2025-06-26,Active,3.68
5,Erin,Roberts,driver5@example.com,9386707760,Female,Hyderabad,DP027586,2023-09-03,Active,4.97
6,Angie,Porter,driver6@example.com,9429398766,Male,Delhi,XI456333,2025-04-12,Active,4.12
7,Katie,Stone,driver7@example.com,9740877210,Male,Mumbai,IR923495,2023-12-28,Active,4.42
8,Clayton,Reeves,driver8@example.com,9752400330,Male,Delhi,VU570515,2024-07-27,Inactive,4.58
9,Jennifer,Scott,driver9@example.com,9510972472,Male,Hyderabad,IA782638,2025-08-31,Active,4.03
10,Stephen,Evans,driver10@example.com,9542654168,Male,Delhi,YH324271,2025-03-10,Active,4.12
11,Jesse,Cruz,driver11@example.com,9939276398,Male,Delhi,DV862869,2024-05-13,Active,4.35
12,Peter,Padilla,driver12@example.com,9523818289,Male,Delhi,BN476237,2023-01-09,Active,3.96
13,Patrick,Solis,driver13@example.com,9363278680,Female,Hyderabad,WS854787,2023-08-27,Active,3.87
14,Brandon,Phillips,driver14@example.com,9704235731,Male,Delhi,HY268193,2023-08-13,Inactive,3.91
15,Sharon,Haney,driver15@example.com,9899593116,Female,Chennai,XY922941,2025-01-24,Active,4.78
16,Erin,Kelly,driver16@example.com,9992135347,Male,Pune,LW232806,2024-01-21,Active,4.46
17,John,Hernandez,driver17@example.com,9050707750,Other,Chennai,RV394185,2024-02-22,Active,3.98
18,Casey,Singh,driver18@example.com,9884949996,Male,Hyderabad,UI541892,2023-07-15,Active,4.65
19,Erin,Duncan,driver19@example.com,9357686621,Male,Mumbai,OW831400,2025-01-16,Inactive,4.0
20,Barry,Velazquez,driver20@example.com,9380595194,Male,Chennai,JB630328,2023-05-06,Active,3.52
21,Barbara,Richardson,driver21@example.com,9845422595,Male,Pune,TC735490,2024-02-26,Active,4.58
22,Tabitha,Smith,driver22@example.com,9513305915,Male,Bangalore,BY986571,2024-01-29,Active,4.96
23,Zachary,Jimenez,driver23@example.com,9419635110,Male,Pune,JX896213,2025-10-06,Active,4.52
24,William,Shepard,driver24@example.com,9967451363,Male,Chennai,AI508628,2024-06-27,Active,3.55
25,Michael,Reyes,driver25@example.com,9659050417,Male,Bangalore,YD564347,2024-12-21,Active,4.29
26,Erin,Wood,driver26@example.com,9372234267,Female,Hyderabad,KX882309,2023-10-14,Active,4.19
27,Tiffany,Ray,driver27@example.com,9870323812,Male,Pune,ZD872894,2025-03-18,Inactive,4.45
28,Arthur,Myers,driver28@example.com,9817189935,Male,Mumbai,PB363163,2024-05-06,Active,3.96
29,Nathan,Booth,driver29@example.com,9475211275,Male,Bangalore,KV846017,2024-04-19,Inactive,4.17
30,Kathryn,Harrison,driver30@example.com,9963731149,Male,Bangalore,SZ628033,2023-02-28,Active,3.73
31,James,Gilmore,driver31@example.com,9331088623,Male,Pune,SK490847,2025-04-10,Active,4.39
32,Christian,Flores,driver32@example.com,9065940038,Male,Chennai,RC116343,2023-10-12,Active,3.75
33,Daniel,Thomas,driver33@example.com,9180364851,Male,Bangalore,PX310166,2023-12-31,Active,4.47
34,Maureen,David,driver34@example.com,9002182414,Male,Hyderabad,XU662284,2025-01-16,Active,4.0
35,Glen,White,driver35@example.com,9081702846,Male,Pune,DN414085,2024-02-05,Active,3.04
36,Evan,Rodriguez,driver36@example.com,9168787321,Male,Hyderabad,WG622951,2023-07-03,Active,4.62
37,Justin,Stanley,driver37@example.com,9499970320,Male,Pune,CY084861,2025-10-20,Active,4.5
38,Antonio,Moore,driver38@example.com,9434743344,Male,Hyderabad,SA600260,2023-09-25,Active,4.84
39,Jean,Johnson,driver39@example.com,9210651004,Male,Chennai,QV901749,2023-02-01,Inactive,3.46
40,Gina,Anderson,driver40@example.com,9601041313,Female,Pune,TR389162,2023-04-18,Inactive,4.04
41,Jessica,Randolph,driver41@example.com,9555794207,Female,Mumbai,IS106678,2025-04-09,Active,4.35
42,Jasmine,Welch,driver42@example.com,9223956721,Male,Chennai,WD573216,2025-06-28,Active,4.53
43,Shelby,Reyes,driver43@example.com,9761898987,Male,Hyderabad,MW242389,2024-02-27,Active,3.71
44,Ryan,Singh,driver44@example.com,9877677513,Male,Pune,PA440711,2024-06-18,Active,4.47
45,Vincent,Chung,driver45@example.com,9877123981,Male,Chennai,KP729850,2025-06-18,Active,4.07
46,Brad,Martinez,driver46@example.com,9893972048,Male,Hyderabad,GQ050667,2024-04-12,Active,3.56
47,Renee,Graham,driver47@example.com,9730451945,Male,Delhi,FW853331,2024-08-24,Active,4.0
48,Elizabeth,Valencia,driver48@example.com,9586817341,Male,Delhi,QV147955,2023-08-02,Active,4.51
49,Pamela,Smith,driver49@example.com,9880796403,Male,Bangalore,WW129824,2025-07-10,Active,3.57
50,Amy,Wilson,driver50@example.com,9157585939,Male,Mumbai,QJ922028,2025-08-14,Active,4.55
51,Daisy,Fritz,driver51@example.com,9185362054,Male,Delhi,RW152089,2024-04-28,Active,4.41
52,April,Mercado,driver52@example.com,9493392719,Male,Hyderabad,HK217680,2024-11-01,Inactive,4.2
53,Sherry,French,driver53@example.com,9540638567,Male,Chennai,UW696250,2023-10-04,Active,3.65
54,Virginia,Graham,driver54@example.com,9020715378,Male,Pune,EO073249,2025-10-13,Active,3.68
55,Bryan,Smith,driver55@example.com,9420555535,Male,Chennai,XC943032,2025-03-26,Active,4.14
56,Amanda,Banks,driver56@example.com,9440789677,Male,Bangalore,YP274962,2025-07-20,Active,3.85
57,Jason,Lawrence,driver57@example.com,9888922100,Male,Chennai,WR838440,2025-06-12,Inactive,4.17
58,Kenneth,Richard,driver58@example.com,9720409471,Male,Delhi,ML376543,2025-02-10,Active,4.66
59,Stephanie,Smith,driver59@example.com,9124617578,Male,Chennai,BM942858,2023-09-14,Active,4.19
60,Shannon,Peters,driver60@example.com,9041048667,Male,Delhi,SJ308641,2025-05-29,Active,4.18
61,Cory,Valdez,driver61@example.com,9186442624,Male,Delhi,UZ632908,2025-09-11,Active,4.18
62,Katelyn,Williams,driver62@example.com,9470498671,Male,Mumbai,QG050487,2025-07-23,Active,4.71
63,Kendra,Brennan,driver63@example.com,9101877033,Male,Bangalore,IN590518,2023-07-24,Active,4.82
64,Ryan,Vang,driver64@example.com,9257044307,Female,Hyderabad,DE772109,2025-03-21,Active,4.47
65,John,Porter,driver65@example.com,9324668997,Female,Delhi,KG444793,2024-10-02,Active,4.35
66,Nicole,Sullivan,driver66@example.com,9490304381,Male,Pune,BM171740,2023-10-02,Inactive,4.39
67,Nicole,Jackson,driver67@example.com,9779989924,Other,Bangalore,HZ456884,2023-12-14,Active,4.87
68,Linda,Johnson,driver68@example.com,9692470481,Male,Hyderabad,MY573744,2023-06-02,Active,4.49
69,Jocelyn,Hickman,driver69@example.com,9130186432,Male,Pune,ZY660723,2023-02-26,Active,4.91
70,Amy,Pham,driver70@example.com,9314565181,Male,Chennai,AJ047412,2025-09-14,Active,4.13
71,Kerry,Estrada,driver71@example.com,9275917003,Female,Bangalore,MN180368,2024-08-18,Inactive,3.77
72,Holly,Warren,driver72@example.com,9437432567,Male,Pune,OS825289,2025-04-26,Active,4.03
73,Jacob,Marshall,driver73@example.com,9405362512,Male,Bangalore,HZ043935,2023-03-15,Active,4.07
74,Jacob,Henry,driver74@example.com,9311541119,Male,Bangalore,CX026957,2025-06-26,Active,4.94
75,Katie,Simpson,driver75@example.com,9020607136,Male,Chennai,DN266848,2023-01-23,Active,4.59
76,Ryan,Williams,driver76@example.com,9930052214,Male,Chennai,ED163678,2024-10-12,Active,4.05
77,Timothy,Ramirez,driver77@example.com,9426735384,Male,Bangalore,VP524813,2024-03-27,Active,4.62
78,Eduardo,Chapman,driver78@example.com,9256116159,Male,Pune,OW764298,2024-05-14,Active,4.25
79,Lisa,Anderson,driver79@example.com,9994426184,Male,Mumbai,PM930395,2024-07-05,Active,4.95
80,Kurt,Cruz,driver80@example.com,9553758268,Male,Delhi,WM526088,2024-12-06,Active,4.17
81,Melanie,Anderson,driver81@example.com,9295081499,Male,Chennai,TB298734,2024-09-09,Active,3.68
82,Jonathan,Benjamin,driver82@example.com,9402323585,Male,Mumbai,UT114997,2023-04-30,Active,4.23
83,Deborah,Garcia,driver83@example.com,9935803528,Male,Chennai,DC754737,2023-11-06,Active,4.17
84,James,Rogers,driver84@example.com,9805075078,Male,Bangalore,DI499096,2024-06-19,Active,3.76
85,Gabrielle,Holland,driver85@example.com,9197354425,Male,Mumbai,KE194565,2024-09-04,Active,4.53
86,Garrett,Mejia,driver86@example.com,9247777444,Male,Pune,QM739610,2024-04-22,Active,4.87
87,Troy,Greene,driver87@example.com,9964930464,Male,Pune,IU405736,2024-08-08,Active,3.85
88,Lori,Morales,driver88@example.com,9006069882,Female,Hyderabad,ZH910804,2024-04-30,Active,4.69
89,Richard,Hamilton,driver89@example.com,9648627553,Female,Delhi,CE756943,2024-06-20,Active,4.06
90,Scott,Maynard,driver90@example.com,9779385460,Male,Delhi,ZE218877,2025-10-26,Active,4.29
91,Kristen,Cole,driver91@example.com,9912104072,Male,Chennai,GD699165,2025-06-11,Active,4.25
92,Mark,Reid,driver92@example.com,9545396016,Female,Delhi,HC236341,2023-01-24,Active,4.29
93,Christopher,Nixon,driver93@example.com,9099324707,Female,Hyderabad,CH485786,2023-04-02,Active,4.49
94,Heather,Cox,driver94@example.com,9926251743,Male,Pune,EJ265728,2023-09-18,Active,3.89
95,Thomas,Dominguez,driver95@example.com,9160325039,Male,Mumbai,NP291278,2025-07-08,Active,4.82
96,Mallory,Hart,driver96@example.com,9439884427,Male,Mumbai,RL885249,2024-04-07,Active,4.5
97,Kevin,Rodriguez,driver97@example.com,9895236179,Male,Pune,GU196084,2024-11-08,Active,4.63
98,Chelsea,Watkins,driver98@example.com,9496454959,Male,Bangalore,TO585537,2023-10-07,Active,3.99
99,Gary,Jackson,driver99@example.com,9578127317,Male,Pune,HH043763,2025-09-05,Active,3.85
100,Paul,Johnson,driver100@example.com,9427183224,Male,Mumbai,FH559670,2024-06-30,Active,4.77
101,Sean,Grimes,driver101@example.com,9023936276,Male,Chennai,RV694481,2023-08-07,Active,3.84
102,Christopher,Valenzuela,driver102@example.com,9176404046,Male,Hyderabad,YC400040,2023-12-20,Active,4.36
103,Sarah,Wilson,driver103@example.com,9551128638,Male,Pune,DU560231,2025-09-05,Active,4.71
104,Jonathan,Harris,driver104@example.com,9110502289,Male,Bangalore,KL640797,2025-07-31,Active,4.25
105,Lisa,Morales,driver105@example.com,9207459528,Male,Chennai,QV682288,2024-11-22,Inactive,4.77
106,Jeff,Foley,driver106@example.com,9276774239,Male,Pune,LT427344,2025-03-05,Active,4.19
107,Laura,Daniel,driver107@example.com,9354337327,Male,Chennai,ZP799251,2024-12-10,Active,3.79
108,Christina,Carroll,driver108@example.com,9839692151,Male,Pune,RC973665,2024-02-29,Active,4.45
109,Matthew,Rodgers,driver109@example.com,9002607721,Male,Chennai,ED587837,2023-07-12,Active,4.38
110,Christopher,Stevens,driver110@example.com,9434869653,Male,Delhi,DY539259,2024-04-28,Active,5.0
111,Mark,Campbell,driver111@example.com,9715573105,Male,Chennai,MT677185,2025-01-21,Active,3.92
112,Lindsey,Schmidt,driver112@example.com,9208983187,Male,Delhi,SB601743,2025-06-09,Active,4.2
113,Richard,Santiago,driver113@example.com,9309507933,Male,Mumbai,CS402560,2024-05-01,Active,4.01
114,Desiree,Thompson,driver114@example.com,9773129734,Male,Delhi,DW131667,2024-03-23,Active,4.24
115,James,Williams,driver115@example.com,9148502759,Female,Chennai,CK270712,2024-05-01,Active,4.23
116,Joshua,Crawford,driver116@example.com,9082680090,Male,Hyderabad,AA717635,2024-05-12,Active,3.95
117,Shelly,Rodriguez,driver117@example.com,9722087121,Male,Hyderabad,BS427299,2024-10-20,Active,4.49
118,Courtney,Owens,driver118@example.com,9894523959,Male,Mumbai,UA438817,2025-08-03,Active,4.21
119,Laura,Baker,driver119@example.com,9602331599,Male,Chennai,JV762270,2024-07-14,Active,4.84
120,Brandy,Cochran,driver120@example.com,9875175790,Male,Delhi,KE543163,2025-09-01,Active,4.04
121,Alex,Warren,driver121@example.com,9323088806,Female,Hyderabad,IV584647,2025-08-31,Active,5.0
122,Angela,Fowler,driver122@example.com,9094175024,Male,Pune,KP604678,2024-09-12,Active,4.41
123,Annette,Lopez,driver123@example.com,9130078867,Male,Bangalore,SG036906,2023-09-06,Active,4.81
124,Nicholas,Weaver,driver124@example.com,9587558509,Male,Chennai,PQ550261,2025-01-13,Active,4.35
125,Kathy,Arnold,driver125@example.com,9591450497,Male,Pune,JY097312,2025-08-11,Active,3.99
126,Brianna,Simon,driver126@example.com,9236694627,Male,Pune,US066766,2025-06-11,Active,4.19
127,Peter,Burns,driver127@example.com,9286518142,Male,Chennai,OP053242,2024-08-12,Active,3.75
128,Elizabeth,Crawford,driver128@example.com,9043845046,Male,Bangalore,OS169435,2023-05-13,Inactive,4.26
129,Lindsey,Hicks,driver129@example.com,9217643493,Male,Hyderabad,QA286178,2024-05-24,Active,4.37
130,Caleb,Acevedo,driver130@example.com,9941667407,Female,Bangalore,VC581380,2023-09-20,Active,4.32
131,Phyllis,Campbell,driver131@example.com,9886985857,Male,Mumbai,JW321367,2024-09-10,Active,4.83
132,Donna,Hayes,driver132@example.com,9491106672,Male,Delhi,IA864555,2024-08-31,Active,4.24
133,Amanda,Allen,driver133@example.com,9641879397,Male,Delhi,VW151070,2025-09-25,Active,3.54
134,Mary,Boyer,driver134@example.com,9895377012,Male,Pune,XC570529,2025-09-19,Active,5.0
135,Barbara,Mendez,driver135@example.com,9493164598,Male,Hyderabad,FI868744,2023-04-17,Active,4.02
136,Krystal,Dean,driver136@example.com,9243780470,Male,Bangalore,BP359989,2025-01-31,Active,4.69
137,John,Gregory,driver137@example.com,9407936518,Male,Pune,ZP258692,2023-08-03,Active,3.7
138,Kelsey,Cook,driver138@example.com,9756926920,Male,Chennai,VQ560062,2025-08-02,Active,4.4
139,Crystal,Pierce,driver139@example.com,9327357125,Male,Pune,WC515179,2024-05-30,Inactive,3.98
140,Nicole,Robinson,driver140@example.com,9672123008,Male,Chennai,QL519378,2025-08-25,Active,3.17
141,Derek,Young,driver141@example.com,9578959153,Male,Chennai,RW531273,2024-04-06,Suspended,4.19
142,Patrick,Hughes,driver142@example.com,9242566009,Male,Mumbai,FB458019,2023-12-13,Active,4.28
143,Tracy,Lane,driver143@example.com,9805783690,Female,Mumbai,ZR213461,2024-12-18,Active,4.21
144,Jacob,Harrison,driver144@example.com,9303413653,Male,Chennai,PJ615265,2025-03-16,Active,4.4
145,Brian,Martinez,driver145@example.com,9298568499,Male,Hyderabad,GA224708,2023-01-14,Active,4.19
146,Taylor,Bell,driver146@example.com,9770706007,Male,Mumbai,UC148129,2024-08-21,Active,4.33
147,Jerry,Mejia,driver147@example.com,9461433700,Male,Mumbai,XJ198840,2025-02-23,Active,4.37
148,Jasmine,Kirby,driver148@example.com,9491744368,Male,Delhi,QW943748,2024-10-11,Active,4.29
149,Kim,Carr,driver149@example.com,9716387621,Male,Pune,WM126817,2025-02-18,Active,4.23
150,Brian,Brown,driver150@example.com,9577405458,Male,Delhi,GI300805,2025-05-23,Active,3.94
151,Paul,James,driver151@example.com,9661824874,Female,Hyderabad,IH990580,2024-01-12,Active,4.54
152,Jennifer,King,driver152@example.com,9142785314,Male,Mumbai,VC403340,2025-07-05,Active,4.19
153,James,Bowman,driver153@example.com,9198872634,Male,Mumbai,VP810563,2025-04-26,Active,4.15
154,Robert,Martinez,driver154@example.com,9921223399,Male,Bangalore,GX869902,2023-10-05,Active,4.5
155,Samantha,James,driver155@example.com,9821590071,Male,Hyderabad,TA311669,2024-05-28,Active,4.38
156,Jasmine,Henry,driver156@example.com,9320448456,Male,Pune,CB021246,2025-09-25,Inactive,4.02
157,Veronica,Ray,driver157@example.com,9771541766,Male,Pune,KH428125,2024-06-30,Active,4.8
158,Tamara,Carroll,driver158@example.com,9045689391,Male,Pune,NG362074,2025-02-26,Active,3.82
159,Tyler,Hayden,driver159@example.com,9164576776,Female,Hyderabad,LY849591,2024-12-05,Active,3.89
160,John,Andrews,driver160@example.com,9576664760,Female,Bangalore,FU092033,2023-11-09,Active,4.57
161,Sarah,Clark,driver161@example.com,9852085296,Female,Bangalore,TH465657,2024-07-03,Active,5.0
162,Kristin,Allen,driver162@example.com,9455217504,Male,Delhi,NB665781,2023-10-06,Active,4.07
163,Mark,Johnson,driver163@example.com,9998878298,Male,Hyderabad,PG499504,2025-09-28,Inactive,4.47
164,Paul,Burton,driver164@example.com,9872754422,Male,Hyderabad,WC964164,2025-04-13,Active,3.82
165,Lauren,Sanchez,driver165@example.com,9061850692,Male,Bangalore,YI862953,2023-08-25,Active,3.93
166,Pamela,Peters,driver166@example.com,9987386400,Male,Chennai,UJ230724,2024-06-19,Active,4.75
167,Emma,Hawkins,driver167@example.com,9672466390,Male,Chennai,GN764126,2025-03-06,Active,4.45
168,Shannon,Williams,driver168@example.com,9321430318,Male,Delhi,IZ955745,2024-04-23,Inactive,4.77
169,Reginald,Davidson,driver169@example.com,9393301118,Female,Chennai,KP180583,2024-03-24,Active,4.73
170,Lori,Moreno,driver170@example.com,9406548855,Female,Chennai,OR408354,2025-06-14,Active,3.46
171,Sabrina,Robertson,driver171@example.com,9875524529,Male,Chennai,IG278859,2024-11-13,Active,3.82
172,Tina,Rojas,driver172@example.com,9615143697,Male,Mumbai,YX192069,2024-12-14,Active,4.41
173,Margaret,Logan,driver173@example.com,9457835179,Male,Delhi,AZ693259,2023-01-09,Active,3.62
174,Steven,Brooks,driver174@example.com,9838713556,Male,Bangalore,AI276223,2023-10-29,Active,3.88
175,Paul,Young,driver175@example.com,9696338958,Male,Chennai,QH312753,2023-09-29,Active,4.87
176,Erica,Cameron,driver176@example.com,9641782560,Male,Pune,OE839955,2023-05-15,Active,4.08
177,Brian,Thompson,driver177@example.com,9199916246,Male,Mumbai,FD802280,2023-07-11,Active,4.58
178,Michael,Norris,driver178@example.com,9947629368,Male,Chennai,SX710629,2023-03-02,Active,4.29
179,Carlos,Brown,driver179@example.com,9426851797,Male,Mumbai,DO026944,2023-01-12,Active,4.03
180,Jessica,George,driver180@example.com,9367990102,Male,Delhi,NE534143,2023-05-03,Active,3.63
181,Sabrina,Hill,driver181@example.com,9719095203,Female,Pune,BQ032318,2024-04-12,Active,4.39
182,Dana,Dunn,driver182@example.com,9872121519,Male,Pune,OF679066,2025-06-17,Active,4.88
183,Timothy,Henry,driver183@example.com,9045624462,Male,Pune,FQ477201,2024-06-07,Active,4.04
184,Roger,Castillo,driver184@example.com,9201656633,Male,Chennai,QP040838,2025-03-29,Active,4.33
185,Danielle,Martinez,driver185@example.com,9935082432,Male,Mumbai,PI782601,2025-03-23,Active,3.69
186,Shelia,Lopez,driver186@example.com,9625381403,Male,Pune,MV777953,2025-04-11,Active,4.03
187,Joseph,Moore,driver187@example.com,9075598414,Male,Hyderabad,ON422539,2023-09-23,Active,4.44
188,Tammy,Garza,driver188@example.com,9202484350,Male,Hyderabad,EC224257,2025-02-03,Inactive,4.6
189,Ruth,Beck,driver189@example.com,9745093328,Male,Mumbai,RV277457,2023-03-28,Active,4.52
190,Gabriel,Gonzalez,driver190@example.com,9099970244,Male,Chennai,LF021885,2024-05-24,Active,3.49
191,Benjamin,Reese,driver191@example.com,9043109077,Male,Chennai,OT148460,2024-06-21,Active,4.12
192,Robert,Martinez,driver192@example.com,9182353277,Male,Delhi,TX638396,2025-02-10,Active,3.91
193,Jonathan,Hall,driver193@example.com,9376554761,Male,Delhi,ZY878842,2024-06-04,Active,4.18
194,Ryan,Beltran,driver194@example.com,9727573554,Male,Pune,PX047598,2023-10-04,Active,4.26
195,James,Owen,driver195@example.com,9814712666,Male,Bangalore,YK894770,2023-09-28,Active,4.73
196,John,Taylor,driver196@example.com,9153939294,Female,Delhi,IP392853,2023-10-04,Active,4.42
197,Jon,Walker,driver197@example.com,9270215013,Male,Chennai,AT025461,2023-02-14,Inactive,4.87
198,Bobby,Alexander,driver198@example.com,9433906279,Female,Bangalore,HQ794677,2024-08-04,Active,4.02
199,Kelly,Stevens,driver199@example.com,9895824773,Male,Delhi,TA189863,2024-08-15,Active,3.73
200,Christopher,Reynolds,driver200@example.com,9391299037,Female,Mumbai,XO139594,2023-11-23,Active,4.88
201,Gina,Bullock,driver201@example.com,9191275939,Male,Hyderabad,VV592118,2025-02-06,Active,4.47
202,Ryan,Smith,driver202@example.com,9557142116,Male,Delhi,NR723501,2023-08-12,Active,4.0
203,John,Sanchez,driver203@example.com,9220659100,Female,Delhi,IZ737796,2023-07-27,Active,4.48
204,Jennifer,Curtis,driver204@example.com,9443643644,Male,Mumbai,XK389654,2023-07-13,Inactive,4.63
205,Michelle,Jennings,driver205@example.com,9432969142,Male,Chennai,JO977917,2024-10-09,Active,4.35
206,Derrick,Shepherd,driver206@example.com,9200722768,Male,Pune,BY220081,2024-04-22,Active,4.01
207,John,Gonzales,driver207@example.com,9352780878,Male,Mumbai,QA014286,2025-07-06,Inactive,4.12
208,Christopher,Copeland,driver208@example.com,9571093385,Male,Pune,UF906251,2024-03-27,Active,4.42
209,Autumn,Schneider,driver209@example.com,9300090063,Male,Delhi,XW595149,2025-05-23,Inactive,4.38
210,Ashley,Brown,driver210@example.com,9258677546,Female,Chennai,QG096710,2025-05-03,Active,4.78
211,Allison,Nguyen,driver211@example.com,9586172847,Male,Bangalore,LR004587,2023-06-10,Inactive,4.19
212,Emily,Olson,driver212@example.com,9034463324,Female,Delhi,BW227496,2024-10-02,Active,3.91
213,Diane,Keller,driver213@example.com,9656841546,Female,Mumbai,WH294830,2025-03-19,Active,5.0
214,Linda,Hardy,driver214@example.com,9351757351,Male,Bangalore,EL719725,2023-05-10,Inactive,4.37
215,Robert,Norman,driver215@example.com,9851769659,Male,Hyderabad,BD343353,2024-01-10,Active,4.63
216,Courtney,Hart,driver216@example.com,9596560033,Male,Bangalore,QU577773,2023-08-03,Active,4.51
217,Joe,Ellis,driver217@example.com,9752296484,Male,Mumbai,DN265875,2025-08-01,Active,4.37
218,Leslie,Harris,driver218@example.com,9210922251,Male,Bangalore,FQ104979,2023-02-10,Active,4.21
219,Melissa,Melendez,driver219@example.com,9455795372,Male,Mumbai,BY077128,2023-05-16,Active,3.18
220,Luis,Caldwell,driver220@example.com,9376604142,Male,Delhi,QZ619907,2025-09-06,Active,3.87
221,Amy,Lewis,driver221@example.com,9643029708,Male,Chennai,JY669747,2024-11-12,Active,4.43
222,Connie,Davidson,driver222@example.com,9137229821,Male,Hyderabad,XY171243,2024-02-21,Active,3.21
223,Vanessa,Clark,driver223@example.com,9093524392,Male,Chennai,WW683032,2023-07-23,Active,4.33
224,Rita,Wright,driver224@example.com,9295014962,Male,Chennai,UI369525,2023-01-24,Active,4.56
225,Marissa,Buckley,driver225@example.com,9840769539,Male,Chennai,EJ767350,2024-09-13,Active,4.63
226,Jenna,Jones,driver226@example.com,9087834767,Male,Mumbai,PM107283,2025-07-10,Active,4.54
227,Vincent,Vaughn,driver227@example.com,9900782446,Other,Mumbai,LR476461,2025-07-30,Inactive,4.68
228,Sarah,Simpson,driver228@example.com,9666948360,Male,Hyderabad,QZ614993,2024-01-07,Active,4.94
229,Rachel,Johnson,driver229@example.com,9943868250,Male,Mumbai,VZ319627,2025-09-24,Active,4.74
230,Robert,Matthews,driver230@example.com,9855925629,Male,Pune,UE443909,2024-01-01,Inactive,4.38
231,Wanda,Yoder,driver231@example.com,9726692325,Other,Mumbai,DP956630,2025-09-29,Active,4.25
232,Jacob,Stevens,driver232@example.com,9727346892,Male,Mumbai,WR636210,2025-10-08,Active,4.35
233,Tracy,Williams,driver233@example.com,9704723344,Male,Mumbai,DV164078,2023-02-01,Active,4.19
234,Brittany,Nelson,driver234@example.com,9666105149,Female,Delhi,VP048113,2024-09-09,Inactive,4.75
235,Jennifer,Johnson,driver235@example.com,9618068628,Male,Hyderabad,XK537396,2024-09-05,Active,4.53
236,Kimberly,Cobb,driver236@example.com,9868879244,Male,Pune,ZC729598,2025-04-10,Active,4.15
237,David,James,driver237@example.com,9940395186,Male,Mumbai,HL770554,2023-10-13,Active,4.83
238,James,Miles,driver238@example.com,9956134408,Female,Hyderabad,MY907129,2025-04-02,Active,4.18
239,Cody,Brooks,driver239@example.com,9833183801,Male,Bangalore,LE991548,2023-03-05,Active,3.92
240,Richard,Schneider,driver240@example.com,9693476912,Male,Delhi,XS002933,2023-07-06,Active,4.3
241,Samantha,Braun,driver241@example.com,9377939801,Male,Mumbai,ME132689,2024-04-24,Active,3.97
242,Julie,Lopez,driver242@example.com,9220163185,Male,Pune,BW460213,2025-08-13,Active,4.67
243,William,Carr,driver243@example.com,9200239152,Male,Delhi,EF884157,2023-01-28,Active,3.96
244,Tara,Gonzalez,driver244@example.com,9313363140,Male,Pune,SO291842,2023-06-01,Active,4.25
245,Jill,Ray,driver245@example.com,9982127023,Male,Delhi,EB519561,2025-10-04,Active,4.68
246,Travis,Russell,driver246@example.com,9189672012,Male,Bangalore,OS558922,2024-09-22,Suspended,4.02
247,Benjamin,Gray,driver247@example.com,9959031775,Male,Hyderabad,FQ552858,2023-08-12,Active,4.46
248,Edward,Serrano,driver248@example.com,9690001917,Male,Delhi,JX063022,2024-07-31,Active,3.91
249,Carrie,Murray,driver249@example.com,9653244834,Male,Chennai,IC293352,2025-08-10,Inactive,4.4
250,Allison,Smith,driver250@example.com,9387151547,Male,Bangalore,WZ897153,2023-01-06,Active,4.53
251,Michael,Meyer,driver251@example.com,9469117087,Male,Chennai,HQ964726,2023-10-30,Active,4.28
252,Rachel,Stewart,driver252@example.com,9027282040,Male,Bangalore,UC474645,2023-07-28,Active,4.31
253,Destiny,Smith,driver253@example.com,9093808349,Male,Chennai,HJ728310,2024-11-18,Active,4.48
254,Martha,Armstrong,driver254@example.com,9123216005,Male,Chennai,EU508808,2024-07-04,Active,4.19
255,Kenneth,Nelson,driver255@example.com,9932418325,Male,Pune,HP645058,2024-12-24,Active,4.66
256,Marie,Schroeder,driver256@example.com,9276252021,Male,Delhi,JP058010,2025-02-23,Active,4.85
257,Richard,Riley,driver257@example.com,9311679542,Male,Delhi,QF867974,2024-12-17,Active,3.93
258,Christine,Moon,driver258@example.com,9832670116,Female,Bangalore,ZX619378,2024-02-03,Active,5.0
259,Andrew,Adams,driver259@example.com,9781167862,Male,Hyderabad,YW866364,2024-06-19,Active,4.18
260,Melanie,Rodriguez,driver260@example.com,9902515386,Male,Pune,CR533347,2025-04-15,Active,5.0
261,Thomas,Floyd,driver261@example.com,9426730220,Female,Delhi,JJ963379,2023-02-28,Active,4.18
262,Jacqueline,Jones,driver262@example.com,9994175304,Male,Delhi,WA628191,2024-06-30,Active,4.58
263,Michael,Evans,driver263@example.com,9053198410,Male,Pune,OF237438,2023-05-10,Inactive,4.58
264,Christine,Hodge,driver264@example.com,9507550848,Male,Mumbai,HM345052,2024-12-17,Active,4.15
265,Cody,Chan,driver265@example.com,9528467703,Male,Pune,IW405047,2024-08-09,Active,4.33
266,Daniel,Watkins,driver266@example.com,9784679700,Male,Delhi,KM609796,2025-07-30,Active,4.88
267,Kelly,Green,driver267@example.com,9830764405,Male,Hyderabad,PA145977,2023-02-28,Active,4.17
268,Leslie,Lee,driver268@example.com,9835501727,Male,Mumbai,HM609859,2025-09-20,Active,4.13
269,Tina,Ramirez,driver269@example.com,9279732829,Male,Chennai,YB817473,2023-11-05,Active,3.84
270,Lorraine,Richards,driver270@example.com,9018320511,Male,Pune,WH539788,2023-10-26,Active,4.93
271,Bradley,Wilson,driver271@example.com,9213406368,Female,Chennai,CH748955,2024-04-09,Active,4.11
272,Sheri,Rosario,driver272@example.com,9019905024,Male,Mumbai,QY319844,2025-08-04,Suspended,4.78
273,Adam,Rodriguez,driver273@example.com,9065117471,Male,Mumbai,UL961639,2024-01-07,Active,4.06
274,Timothy,Warren,driver274@example.com,9170648579,Male,Mumbai,RP574777,2025-02-21,Active,4.77
275,Jessica,Jones,driver275@example.com,9688631240,Male,Bangalore,RG721238,2024-05-17,Active,4.62
276,Judy,Gardner,driver276@example.com,9790448138,Male,Pune,FJ775619,2024-04-07,Active,4.21
277,Michael,Bowman,driver277@example.com,9819011456,Male,Hyderabad,LQ987557,2023-08-01,Active,4.01
278,Jeffrey,Perry,driver278@example.com,9767761952,Male,Hyderabad,OX832290,2025-04-19,Inactive,4.04
279,Ronnie,English,driver279@example.com,9496017092,Male,Chennai,SW005905,2025-08-31,Active,4.03
280,Alex,Dean,driver280@example.com,9176451770,Male,Chennai,XS173658,2023-06-06,Active,4.73
281,Karen,Wilson,driver281@example.com,9223804534,Male,Chennai,RT059193,2025-05-09,Active,4.36
282,Penny,Chung,driver282@example.com,9782772532,Female,Pune,IM246271,2023-12-08,Inactive,3.85
283,Tiffany,Farmer,driver283@example.com,9095928489,Other,Delhi,PM933065,2024-12-04,Active,4.2
284,Daniel,Huffman,driver284@example.com,9873587272,Male,Chennai,LQ535975,2023-09-03,Active,4.25
285,Andrea,Willis,driver285@example.com,9993357024,Male,Mumbai,LU809628,2025-05-08,Active,3.44
286,Stephen,Wood,driver286@example.com,9093986639,Male,Chennai,JF196087,2024-01-24,Active,4.22
287,Matthew,Maddox,driver287@example.com,9846484427,Male,Mumbai,MD578827,2023-03-30,Active,4.59
288,Sharon,Morris,driver288@example.com,9398356523,Female,Bangalore,OL630977,2023-06-12,Active,4.24
289,Madeline,Rice,driver289@example.com,9918867622,Male,Delhi,KF836660,2023-06-01,Active,4.4
290,Daniel,Hogan,driver290@example.com,9735334062,Male,Delhi,YW978550,2024-12-02,Active,4.49
291,Yesenia,Barron,driver291@example.com,9016633401,Female,Pune,TI044507,2025-03-01,Suspended,4.16
292,John,Jones,driver292@example.com,9421563452,Female,Pune,BC962901,2025-06-19,Active,4.59
293,Mary,Davis,driver293@example.com,9636288623,Male,Hyderabad,JC932265,2024-03-27,Active,4.88
294,Bradley,Moran,driver294@example.com,9357044455,Male,Bangalore,BV825463,2023-10-12,Active,3.69
295,John,Johnson,driver295@example.com,9143442111,Male,Pune,HE941567,2023-05-17,Active,4.16
296,Chelsea,Lopez,driver296@example.com,9754944957,Male,Mumbai,XU775398,2024-01-03,Active,5.0
297,Scott,Ellis,driver297@example.com,9421884246,Male,Bangalore,TL724581,2025-09-16,Active,4.37
298,John,Foster,driver298@example.com,9381512911,Male,Delhi,AF870884,2024-06-06,Active,4.29
299,Christopher,Day,driver299@example.com,9647924642,Male,Mumbai,MV553805,2023-07-11,Active,4.2
300,Robert,Harrell,driver300@example.com,9998724735,Male,Bangalore,HN659726,2024-01-11,Active,4.81
301,Robert,Hood,driver301@example.com,9399875915,Male,Delhi,FZ950705,2024-10-30,Active,3.92
302,Raymond,Mitchell,driver302@example.com,9300751451,Male,Pune,LE306967,2024-12-10,Active,4.67
303,Bradley,Fitzpatrick,driver303@example.com,9834792305,Male,Mumbai,PJ281568,2025-03-11,Active,4.19
304,Jeffrey,Mcdaniel,driver304@example.com,9782453108,Male,Mumbai,OC702785,2025-03-21,Active,4.0
305,Richard,Cruz,driver305@example.com,9124643786,Male,Delhi,KT982149,2024-11-15,Active,4.21
306,Rebecca,Turner,driver306@example.com,9243014606,Male,Mumbai,AB137173,2023-03-24,Active,4.28
307,Tammy,Everett,driver307@example.com,9696106963,Male,Pune,NC390858,2025-07-25,Active,4.1
308,Matthew,Kerr,driver308@example.com,9749121879,Male,Pune,XW684836,2024-09-04,Inactive,4.75
309,Andrew,Campbell,driver309@example.com,9065061471,Male,Pune,IZ816723,2023-09-10,Active,4.0
310,Kathryn,Hays,driver310@example.com,9590112502,Male,Delhi,EX656067,2025-08-26,Active,4.36
311,John,Smith,driver311@example.com,9316004027,Male,Chennai,SG595735,2023-05-10,Active,4.51
312,Mark,Thompson,driver312@example.com,9289868321,Male,Chennai,AS057725,2024-03-14,Active,4.35
313,Matthew,Martinez,driver313@example.com,9208614984,Male,Mumbai,JE025898,2025-01-21,Active,4.61
314,Robert,Hall,driver314@example.com,9250796699,Male,Pune,JN085587,2025-05-08,Active,4.13
315,Shelby,Fletcher,driver315@example.com,9784200141,Male,Mumbai,OJ578457,2023-12-07,Active,4.55
316,Patricia,Mcguire,driver316@example.com,9442460737,Male,Delhi,BY080241,2023-11-11,Active,4.56
317,Emily,Dean,driver317@example.com,9238615952,Female,Mumbai,LP415074,2025-02-06,Active,4.69
318,Richard,Dominguez,driver318@example.com,9859947576,Male,Hyderabad,BX166081,2024-04-14,Active,3.55
319,Patricia,Thomas,driver319@example.com,9379829305,Male,Chennai,FO115566,2023-04-18,Active,4.5
320,Julie,Wright,driver320@example.com,9577979836,Male,Mumbai,CC404750,2025-04-06,Active,4.66
321,Douglas,Mitchell,driver321@example.com,9760741059,Male,Mumbai,LI458408,2023-01-17,Active,4.14
322,Jennifer,Henry,driver322@example.com,9394815043,Male,Bangalore,RC270699,2025-01-02,Active,4.08
323,Daniel,Dalton,driver323@example.com,9903560285,Male,Mumbai,VB649493,2023-11-01,Active,4.02
324,Adrian,Potter,driver324@example.com,9869660963,Male,Hyderabad,JN580363,2024-07-27,Active,3.89
325,Susan,Sanchez,driver325@example.com,9547607512,Male,Chennai,XU647224,2024-08-28,Active,4.57
326,Rebecca,Phillips,driver326@example.com,9101842622,Male,Bangalore,PW817083,2023-04-30,Active,5.0
327,Megan,Hill,driver327@example.com,9644180245,Male,Delhi,OT142449,2025-01-07,Active,4.08
328,Samantha,Reyes,driver328@example.com,9940859356,Male,Delhi,UC663900,2023-12-04,Active,4.11
329,Sandra,Brown,driver329@example.com,9535243779,Male,Chennai,RS453980,2023-02-02,Inactive,4.31
330,Andrea,Lynn,driver330@example.com,9507655737,Male,Delhi,GT886725,2024-08-14,Active,3.66
331,Bobby,Weber,driver331@example.com,9485251225,Male,Hyderabad,KL096170,2024-11-08,Suspended,4.02
332,Beth,Peterson,driver332@example.com,9846790175,Male,Mumbai,LG873170,2023-10-26,Active,4.28
333,Luis,Howe,driver333@example.com,9227929496,Male,Chennai,OB166881,2025-01-06,Inactive,3.94
334,Summer,Kennedy,driver334@example.com,9523967499,Male,Bangalore,RL384691,2023-02-13,Active,4.78
335,Kendra,Williams,driver335@example.com,9902038540,Male,Mumbai,QU815016,2025-08-06,Active,3.78
336,Teresa,Stanley,driver336@example.com,9700841591,Male,Delhi,OH466257,2023-01-29,Active,4.66
337,Christopher,Butler,driver337@example.com,9242695753,Male,Delhi,CZ253612,2025-08-22,Active,4.89
338,Alexandra,Flynn,driver338@example.com,9851397635,Male,Bangalore,YW987622,2024-03-03,Active,4.45
339,Melissa,Wright,driver339@example.com,9294614262,Male,Hyderabad,RX957947,2025-08-19,Active,4.25
340,Shawn,Duncan,driver340@example.com,9040852063,Female,Bangalore,YC080989,2023-12-26,Active,4.4
341,Hailey,Castaneda,driver341@example.com,9346118978,Male,Chennai,XF173315,2023-12-31,Active,4.12
342,James,Jones,driver342@example.com,9737282659,Male,Bangalore,FQ160426,2024-12-22,Active,3.49
343,Henry,Alexander,driver343@example.com,9338041917,Male,Delhi,QQ471650,2025-03-11,Active,3.91
344,John,Carney,driver344@example.com,9160333085,Male,Hyderabad,WR152644,2023-08-07,Active,4.3
345,Lauren,Howard,driver345@example.com,9441843660,Male,Hyderabad,UX829694,2025-06-09,Active,3.92
346,Jacob,Myers,driver346@example.com,9209313788,Male,Pune,JC419137,2024-06-10,Active,4.13
347,Linda,Rogers,driver347@example.com,9021093676,Female,Bangalore,BM498762,2023-03-23,Active,4.49
348,Kathleen,Jones,driver348@example.com,9777736576,Male,Chennai,ZU383739,2023-03-07,Inactive,4.36
349,Samantha,Chen,driver349@example.com,9455459034,Male,Delhi,TZ242760,2025-02-21,Active,4.72
350,Alvin,Rojas,driver350@example.com,9819543511,Male,Mumbai,WR741464,2023-05-20,Active,4.42
351,Michelle,Singh,driver351@example.com,9026939553,Male,Hyderabad,MS026135,2023-06-08,Active,4.44
352,Joseph,Smith,driver352@example.com,9308923331,Male,Bangalore,JM255561,2024-03-30,Active,4.02
353,Julian,Jackson,driver353@example.com,9351485507,Male,Pune,QH262138,2023-12-08,Active,3.77
354,Brandi,Carter,driver354@example.com,9026406260,Male,Chennai,RI551095,2024-04-07,Active,4.13
355,Luis,Rodriguez,driver355@example.com,9674151448,Male,Chennai,ZI527505,2025-05-14,Active,4.01
356,Christopher,Morgan,driver356@example.com,9762164834,Female,Delhi,SA808482,2024-10-11,Active,4.23
357,Monica,Jones,driver357@example.com,9279730294,Male,Hyderabad,MN727126,2025-08-23,Active,3.87
358,Mark,Robertson,driver358@example.com,9069572520,Female,Delhi,HG402937,2023-10-09,Active,4.64
359,Lisa,Whitehead,driver359@example.com,9235893771,Male,Pune,PP326727,2024-08-17,Active,4.01
360,Peggy,Rogers,driver360@example.com,9258284889,Male,Mumbai,CS262776,2023-07-06,Active,4.15
361,Bonnie,King,driver361@example.com,9199495165,Male,Mumbai,LO695881,2023-10-22,Active,4.29
362,Jacob,Greer,driver362@example.com,9991945644,Male,Mumbai,LR468774,2025-01-02,Active,4.75
363,Michelle,Rice,driver363@example.com,9645239004,Male,Chennai,MY294499,2023-05-12,Active,5.0
364,Jasmin,Best,driver364@example.com,9152428678,Male,Hyderabad,KU136757,2024-06-16,Inactive,5.0
365,Jeremy,Rogers,driver365@example.com,9554701897,Male,Delhi,RV668490,2023-06-04,Active,3.79
366,Dylan,Martinez,driver366@example.com,9795014670,Male,Delhi,WL366783,2023-10-26,Inactive,4.15
367,Gregory,Robinson,driver367@example.com,9936725028,Male,Pune,GE031613,2024-08-30,Active,4.07
368,Frances,Gonzalez,driver368@example.com,9004177073,Male,Mumbai,CN790534,2025-04-19,Active,4.45
369,Robert,Myers,driver369@example.com,9460316134,Male,Hyderabad,PU883331,2024-05-14,Suspended,4.42
370,Allison,Simon,driver370@example.com,9079921645,Male,Hyderabad,RI180166,2024-05-01,Active,4.07
371,Matthew,Smith,driver371@example.com,9752754283,Male,Pune,DH023628,2023-02-10,Active,4.04
372,Sarah,Holmes,driver372@example.com,9286785150,Male,Bangalore,ME938895,2024-05-25,Active,3.9
373,Mark,Hooper,driver373@example.com,9668815571,Male,Hyderabad,IG154397,2025-01-05,Inactive,3.24
374,Daniel,Harper,driver374@example.com,9556616689,Male,Hyderabad,LZ573415,2025-06-23,Active,3.78
375,Angel,Mccall,driver375@example.com,9409363646,Male,Delhi,AL106608,2025-07-12,Active,4.65
376,Jennifer,Murphy,driver376@example.com,9059551611,Male,Pune,CJ365046,2024-09-12,Active,4.89
377,Kevin,Jordan,driver377@example.com,9339563224,Female,Hyderabad,OM622478,2023-10-22,Suspended,4.84
378,Melissa,Blake,driver378@example.com,9518256961,Other,Hyderabad,BP225182,2025-05-10,Active,4.66
379,Denise,Flores,driver379@example.com,9921269748,Male,Delhi,ED135062,2024-08-11,Active,3.9
380,Calvin,Wilson,driver380@example.com,9697848798,Female,Hyderabad,NL840157,2025-02-01,Active,3.83
381,Jennifer,Lucas,driver381@example.com,9963196305,Male,Delhi,EC706298,2024-04-23,Active,3.58
382,Amy,Garcia,driver382@example.com,9270436922,Male,Bangalore,HZ997526,2023-10-02,Active,4.07
383,Antonio,Brooks,driver383@example.com,9591642301,Male,Chennai,JF650836,2025-01-14,Active,4.33
384,Leslie,Wells,driver384@example.com,9274690176,Male,Delhi,CO682140,2025-07-12,Active,3.9
385,Brendan,Jackson,driver385@example.com,9319198637,Male,Delhi,RW730871,2024-03-27,Active,4.47
386,Jeffrey,Brown,driver386@example.com,9085536062,Male,Hyderabad,MJ390390,2023-05-18,Active,4.56
387,Justin,Murphy,driver387@example.com,9230635673,Female,Delhi,YC005626,2024-12-02,Active,4.11
388,Kim,Rojas,driver388@example.com,9577569429,Male,Pune,GU702474,2023-12-20,Active,3.76
389,Jennifer,Torres,driver389@example.com,9841040032,Male,Mumbai,KE798889,2024-03-12,Active,4.85
390,Jeffrey,Thompson,driver390@example.com,9730324827,Male,Mumbai,VL327381,2025-05-24,Active,4.31
391,Robert,Miller,driver391@example.com,9463523561,Male,Bangalore,DQ293229,2023-05-03,Inactive,5.0
392,Kathryn,Richards,driver392@example.com,9188203806,Male,Delhi,LQ254014,2023-12-08,Active,4.34
393,Adam,Wilson,driver393@example.com,9958621853,Male,Pune,PP384754,2024-08-29,Active,4.36
394,Timothy,Jennings,driver394@example.com,9111281779,Female,Hyderabad,MR188645,2023-12-22,Active,3.91
395,Kelsey,Santos,driver395@example.com,9036666369,Male,Hyderabad,LV780079,2023-02-01,Active,4.13
396,Holly,Moore,driver396@example.com,9472813265,Male,Chennai,HP463669,2023-06-25,Inactive,3.68
397,James,Aguilar,driver397@example.com,9984503379,Male,Bangalore,VI755504,2024-04-11,Inactive,3.76
398,Jackie,Lawson,driver398@example.com,9029403753,Male,Pune,VF387500,2024-04-07,Active,4.6
399,Brian,Gordon,driver399@example.com,9531324527,Female,Pune,HC709903,2024-10-07,Active,4.19
400,Becky,Roberts,driver400@example.com,9567195030,Male,Hyderabad,TG211359,2025-03-29,Active,4.13
401,Amber,Mitchell,driver401@example.com,9568780712,Male,Chennai,ZW043331,2024-01-24,Active,4.0
402,Juan,Potter,driver402@example.com,9652494891,Male,Hyderabad,HD569640,2023-05-10,Active,4.15
403,Richard,Robinson,driver403@example.com,9852983882,Male,Chennai,RM146019,2023-06-10,Active,4.75
404,Vicki,Palmer,driver404@example.com,9015149777,Male,Mumbai,LZ352062,2025-03-13,Active,4.36
405,Jesus,Cox,driver405@example.com,9649136165,Male,Pune,VR609316,2023-06-09,Active,3.83
406,Sarah,Warner,driver406@example.com,9765282261,Male,Mumbai,YG266331,2023-06-03,Active,4.71
407,Antonio,Valenzuela,driver407@example.com,9954902948,Male,Hyderabad,AE408231,2024-05-14,Active,4.99
408,Deborah,Perkins,driver408@example.com,9494345776,Male,Bangalore,SU717199,2024-01-09,Active,4.5
409,Cody,Carpenter,driver409@example.com,9613886550,Male,Delhi,QO740519,2025-04-12,Active,4.66
410,Steven,Mitchell,driver410@example.com,9091595678,Male,Bangalore,TA950819,2025-08-31,Active,4.79
411,Maria,Jackson,driver411@example.com,9323959360,Male,Bangalore,KZ056735,2025-04-24,Active,3.64
412,Julie,Morris,driver412@example.com,9194127066,Female,Delhi,EZ635951,2025-09-07,Active,5.0
413,Scott,Smith,driver413@example.com,9185360878,Male,Pune,PP635241,2024-12-18,Active,4.74
414,Daniel,Martinez,driver414@example.com,9072020338,Male,Mumbai,GD022867,2023-07-29,Active,4.5
415,Ivan,Martin,driver415@example.com,9811209966,Male,Mumbai,SL665602,2023-04-18,Inactive,4.25
416,Jane,Page,driver416@example.com,9763720373,Male,Pune,SF235777,2025-07-26,Active,3.77
417,Morgan,Rodriguez,driver417@example.com,9448365670,Male,Delhi,FV490571,2024-10-20,Active,4.17
418,Gene,Turner,driver418@example.com,9719056574,Male,Chennai,FS322799,2023-02-22,Active,4.48
419,Rachel,Williams,driver419@example.com,9396770546,Male,Bangalore,DH526158,2023-12-18,Inactive,3.86
420,Mary,Williams,driver420@example.com,9739316490,Male,Hyderabad,PG989168,2025-09-20,Active,4.27
421,Jeffrey,Barrera,driver421@example.com,9954688730,Male,Mumbai,QK715111,2023-12-15,Active,3.83
422,Jason,Lucas,driver422@example.com,9588681025,Female,Pune,XT412484,2023-09-07,Active,4.15
423,Rhonda,Miles,driver423@example.com,9312926625,Male,Hyderabad,EV673137,2023-10-28,Active,3.76
424,Lori,Graham,driver424@example.com,9478009580,Male,Delhi,ZM741906,2024-01-04,Active,3.72
425,Julie,Petty,driver425@example.com,9401461597,Female,Hyderabad,EV545085,2025-09-23,Active,4.44
426,Christopher,Palmer,driver426@example.com,9000190073,Male,Hyderabad,FZ034011,2025-07-07,Active,4.07
427,Dawn,Meyer,driver427@example.com,9885467347,Male,Bangalore,PC170613,2024-01-12,Active,4.11
428,Melanie,Powell,driver428@example.com,9436939089,Male,Delhi,OF112738,2024-03-26,Active,4.05
429,Neil,Weber,driver429@example.com,9413198596,Male,Hyderabad,UE817203,2023-07-14,Active,5.0
430,Allison,Stephens,driver430@example.com,9718321305,Male,Mumbai,BE965640,2023-05-09,Active,4.54
431,Shawn,Vazquez,driver431@example.com,9428425111,Male,Delhi,UD915426,2025-10-22,Active,4.59
432,Cassie,Thomas,driver432@example.com,9903594094,Male,Mumbai,AR782411,2025-09-15,Active,3.99
433,Nicholas,Lopez,driver433@example.com,9294125979,Male,Pune,QE342411,2024-11-17,Active,4.5
434,Michael,Lloyd,driver434@example.com,9990323887,Male,Pune,WH546624,2023-07-31,Active,4.21
435,Cody,Martinez,driver435@example.com,9676606289,Male,Chennai,IV223064,2025-04-01,Active,3.99
436,Stephanie,Bates,driver436@example.com,9513403997,Male,Pune,DO116846,2025-08-17,Active,5.0
437,Joel,Bryant,driver437@example.com,9838744308,Male,Hyderabad,JP895159,2024-05-15,Active,4.53
438,Hannah,Barnett,driver438@example.com,9183632939,Male,Delhi,WF466521,2025-09-30,Active,4.51
439,Anna,Avery,driver439@example.com,9702663820,Male,Pune,GB464533,2025-03-01,Active,3.91
440,Anthony,Lynn,driver440@example.com,9715481851,Male,Mumbai,XU495060,2024-03-05,Active,3.79
441,Jacqueline,Gentry,driver441@example.com,9331178605,Male,Hyderabad,OP411371,2023-02-26,Active,4.28
442,Tina,Collins,driver442@example.com,9776771928,Male,Pune,IM463107,2025-04-28,Active,4.07
443,Gina,Nelson,driver443@example.com,9892030287,Male,Bangalore,CV078695,2024-09-25,Active,4.55
444,Jennifer,Fowler,driver444@example.com,9574058923,Male,Mumbai,AR601883,2025-02-23,Inactive,4.57
445,Patricia,Martinez,driver445@example.com,9036067787,Male,Mumbai,FP154474,2023-11-09,Inactive,4.33
446,Brittany,Stout,driver446@example.com,9192497265,Male,Chennai,PB343597,2025-04-11,Active,4.63
447,Kim,Edwards,driver447@example.com,9571364967,Male,Bangalore,XX970168,2024-08-23,Inactive,4.38
448,Catherine,Flynn,driver448@example.com,9451453752,Male,Chennai,DQ253175,2023-02-01,Active,3.95
449,Amy,Ball,driver449@example.com,9574488252,Male,Pune,VH093701,2024-03-08,Active,4.22
450,John,Castro,driver450@example.com,9699018511,Male,Bangalore,SC859689,2025-01-12,Inactive,4.35
